Frequency,a,b,c,w,h2,μ,τ,Axial Ratio
0.17241379,2.2,2,0.2,8,12,0.8,1.0,0.17241379
0.34482759,2.2,2,0.2,8,12,0.8,1.0,0.34482759
0.51724138,2.2,2,0.2,8,12,0.8,1.0,0.51724138
0.68965517,2.2,2,0.2,8,12,0.8,1.0,0.68965517
0.86206897,2.2,2,0.2,8,12,0.8,1.0,0.86206897
1.0344828,2.2,2,0.2,8,12,0.8,1.0,1.0344828
1.2068966,2.2,2,0.2,8,12,0.8,1.0,1.2068966
1.3793103,2.2,2,0.2,8,12,0.8,1.0,1.3793103
1.5517241,2.2,2,0.2,8,12,0.8,1.0,1.5517241
1.7241379,2.2,2,0.2,8,12,0.8,1.0,1.7241379
1.8965517,2.2,2,0.2,8,12,0.8,1.0,1.8965517
2.0689655,2.2,2,0.2,8,12,0.8,1.0,2.0689655
2.2413793,2.2,2,0.2,8,12,0.8,1.0,2.2413793
2.4137931,2.2,2,0.2,8,12,0.8,1.0,2.4137931
2.5862069,2.2,2,0.2,8,12,0.8,1.0,2.5862069
2.7586207,2.2,2,0.2,8,12,0.8,1.0,2.7586207
2.9310345,2.2,2,0.2,8,12,0.8,1.0,2.9310345
3.1034483,2.2,2,0.2,8,12,0.8,1.0,3.1034483
3.2758621,2.2,2,0.2,8,12,0.8,1.0,3.2758621
3.4482759,2.2,2,0.2,8,12,0.8,1.0,3.4482759
3.6206897,2.2,2,0.2,8,12,0.8,1.0,3.6206897
3.7931034,2.2,2,0.2,8,12,0.8,1.0,3.7931034
3.9655172,2.2,2,0.2,8,12,0.8,1.0,3.9655172
4.137931,2.2,2,0.2,8,12,0.8,1.0,4.137931
4.3103448,2.2,2,0.2,8,12,0.8,1.0,4.3103448
4.4827586,2.2,2,0.2,8,12,0.8,1.0,4.4827586
4.6551724,2.2,2,0.2,8,12,0.8,1.0,4.6551724
4.8275862,2.2,2,0.2,8,12,0.8,1.0,4.8275862
5,2.2,2,0.2,8,12,0.8,1.0,5
0.17241379,1.8,2,0.2,8,12,0.8,1.0,40
0.34482759,1.8,2,0.2,8,12,0.8,1.0,40
0.51724138,1.8,2,0.2,8,12,0.8,1.0,40
0.68965517,1.8,2,0.2,8,12,0.8,1.0,40
0.86206897,1.8,2,0.2,8,12,0.8,1.0,38.570957
1.0344828,1.8,2,0.2,8,12,0.8,1.0,30.141973
1.2068966,1.8,2,0.2,8,12,0.8,1.0,20.639379
1.3793103,1.8,2,0.2,8,12,0.8,1.0,14.212892
1.5517241,1.8,2,0.2,8,12,0.8,1.0,7.3830578
1.7241379,1.8,2,0.2,8,12,0.8,1.0,7.1555546
1.8965517,1.8,2,0.2,8,12,0.8,1.0,4.1040477
2.0689655,1.8,2,0.2,8,12,0.8,1.0,4.1979915
2.2413793,1.8,2,0.2,8,12,0.8,1.0,16.686116
2.4137931,1.8,2,0.2,8,12,0.8,1.0,3.4774396
2.5862069,1.8,2,0.2,8,12,0.8,1.0,1.9348732
2.7586207,1.8,2,0.2,8,12,0.8,1.0,2.3116034
2.9310345,1.8,2,0.2,8,12,0.8,1.0,2.3536719
3.1034483,1.8,2,0.2,8,12,0.8,1.0,1.4569303
3.2758621,1.8,2,0.2,8,12,0.8,1.0,1.3562865
3.4482759,1.8,2,0.2,8,12,0.8,1.0,1.7380306
3.6206897,1.8,2,0.2,8,12,0.8,1.0,2.5595677
3.7931034,1.8,2,0.2,8,12,0.8,1.0,3.4715583
3.9655172,1.8,2,0.2,8,12,0.8,1.0,4.0276327
4.137931,1.8,2,0.2,8,12,0.8,1.0,7.7137097
4.3103448,1.8,2,0.2,8,12,0.8,1.0,5.7653179
4.4827586,1.8,2,0.2,8,12,0.8,1.0,6.1721564
4.6551724,1.8,2,0.2,8,12,0.8,1.0,7.8191295
4.8275862,1.8,2,0.2,8,12,0.8,1.0,13.364588
5,1.8,2,0.2,8,12,0.8,1.0,19.568783
0.17241379,2,2,0.2,8,12,0.8,1.0,40
0.34482759,2,2,0.2,8,12,0.8,1.0,40
0.51724138,2,2,0.2,8,12,0.8,1.0,40
0.68965517,2,2,0.2,8,12,0.8,1.0,40
0.86206897,2,2,0.2,8,12,0.8,1.0,37.868861
1.0344828,2,2,0.2,8,12,0.8,1.0,29.366899
1.2068966,2,2,0.2,8,12,0.8,1.0,19.703361
1.3793103,2,2,0.2,8,12,0.8,1.0,17.604883
1.5517241,2,2,0.2,8,12,0.8,1.0,7.6615768
1.7241379,2,2,0.2,8,12,0.8,1.0,7.4417766
1.8965517,2,2,0.2,8,12,0.8,1.0,4.4968526
2.0689655,2,2,0.2,8,12,0.8,1.0,3.1112246
2.2413793,2,2,0.2,8,12,0.8,1.0,29.433996
2.4137931,2,2,0.2,8,12,0.8,1.0,4.9162745
2.5862069,2,2,0.2,8,12,0.8,1.0,1.899351
2.7586207,2,2,0.2,8,12,0.8,1.0,1.6700559
2.9310345,2,2,0.2,8,12,0.8,1.0,1.5455726
3.1034483,2,2,0.2,8,12,0.8,1.0,1.3213118
3.2758621,2,2,0.2,8,12,0.8,1.0,1.224707
3.4482759,2,2,0.2,8,12,0.8,1.0,1.5579549
3.6206897,2,2,0.2,8,12,0.8,1.0,2.4002778
3.7931034,2,2,0.2,8,12,0.8,1.0,3.4110711
3.9655172,2,2,0.2,8,12,0.8,1.0,3.9958162
4.137931,2,2,0.2,8,12,0.8,1.0,6.5940547
4.3103448,2,2,0.2,8,12,0.8,1.0,6.8329628
4.4827586,2,2,0.2,8,12,0.8,1.0,4.1909411
4.6551724,2,2,0.2,8,12,0.8,1.0,13.475291
4.8275862,2,2,0.2,8,12,0.8,1.0,10.839686
5,2,2,0.2,8,12,0.8,1.0,17.678623
0.17241379,2.4,2,0.2,8,12,0.8,1.0,40
0.34482759,2.4,2,0.2,8,12,0.8,1.0,40
0.51724138,2.4,2,0.2,8,12,0.8,1.0,40
0.68965517,2.4,2,0.2,8,12,0.8,1.0,40
0.86206897,2.4,2,0.2,8,12,0.8,1.0,36.799811
1.0344828,2.4,2,0.2,8,12,0.8,1.0,28.178356
1.2068966,2.4,2,0.2,8,12,0.8,1.0,18.263855
1.3793103,2.4,2,0.2,8,12,0.8,1.0,40
1.5517241,2.4,2,0.2,8,12,0.8,1.0,8.0966574
1.7241379,2.4,2,0.2,8,12,0.8,1.0,7.8594665
1.8965517,2.4,2,0.2,8,12,0.8,1.0,5.1568334
2.0689655,2.4,2,0.2,8,12,0.8,1.0,1.5782218
2.2413793,2.4,2,0.2,8,12,0.8,1.0,14.318365
2.4137931,2.4,2,0.2,8,12,0.8,1.0,9.3198807
2.5862069,2.4,2,0.2,8,12,0.8,1.0,3.6008335
2.7586207,2.4,2,0.2,8,12,0.8,1.0,1.8882499
2.9310345,2.4,2,0.2,8,12,0.8,1.0,1.4015625
3.1034483,2.4,2,0.2,8,12,0.8,1.0,1.3249914
3.2758621,2.4,2,0.2,8,12,0.8,1.0,1.1991118
3.4482759,2.4,2,0.2,8,12,0.8,1.0,0.67475743
3.6206897,2.4,2,0.2,8,12,0.8,1.0,1.4771565
3.7931034,2.4,2,0.2,8,12,0.8,1.0,3.0858391
3.9655172,2.4,2,0.2,8,12,0.8,1.0,4.5756111
4.137931,2.4,2,0.2,8,12,0.8,1.0,5.4789141
4.3103448,2.4,2,0.2,8,12,0.8,1.0,7.3672203
4.4827586,2.4,2,0.2,8,12,0.8,1.0,7.6421594
4.6551724,2.4,2,0.2,8,12,0.8,1.0,5.459256
4.8275862,2.4,2,0.2,8,12,0.8,1.0,13.152447
5,2.4,2,0.2,8,12,0.8,1.0,11.903104
0.17241379,2.6,2,0.2,8,12,0.8,1.0,40
0.34482759,2.6,2,0.2,8,12,0.8,1.0,40
0.51724138,2.6,2,0.2,8,12,0.8,1.0,40
0.68965517,2.6,2,0.2,8,12,0.8,1.0,40
0.86206897,2.6,2,0.2,8,12,0.8,1.0,36.183337
1.0344828,2.6,2,0.2,8,12,0.8,1.0,27.463921
1.2068966,2.6,2,0.2,8,12,0.8,1.0,17.369775
1.3793103,2.6,2,0.2,8,12,0.8,1.0,19.892994
1.5517241,2.6,2,0.2,8,12,0.8,1.0,8.2808833
1.7241379,2.6,2,0.2,8,12,0.8,1.0,7.9763342
1.8965517,2.6,2,0.2,8,12,0.8,1.0,5.334757
2.0689655,2.6,2,0.2,8,12,0.8,1.0,1.4086703
2.2413793,2.6,2,0.2,8,12,0.8,1.0,11.267483
2.4137931,2.6,2,0.2,8,12,0.8,1.0,12.053001
2.5862069,2.6,2,0.2,8,12,0.8,1.0,4.8887259
2.7586207,2.6,2,0.2,8,12,0.8,1.0,2.8289322
2.9310345,2.6,2,0.2,8,12,0.8,1.0,2.2528756
3.1034483,2.6,2,0.2,8,12,0.8,1.0,2.1465012
3.2758621,2.6,2,0.2,8,12,0.8,1.0,2.0805485
3.4482759,2.6,2,0.2,8,12,0.8,1.0,1.280588
3.6206897,2.6,2,0.2,8,12,0.8,1.0,1.1702592
3.7931034,2.6,2,0.2,8,12,0.8,1.0,2.8016916
3.9655172,2.6,2,0.2,8,12,0.8,1.0,4.5082842
4.137931,2.6,2,0.2,8,12,0.8,1.0,5.7111657
4.3103448,2.6,2,0.2,8,12,0.8,1.0,6.1556417
4.4827586,2.6,2,0.2,8,12,0.8,1.0,8.7042137
4.6551724,2.6,2,0.2,8,12,0.8,1.0,5.9356892
4.8275862,2.6,2,0.2,8,12,0.8,1.0,24.978244
5,2.6,2,0.2,8,12,0.8,1.0,9.8184802
0.17241379,1.4,2,0.2,8,12,0.8,1.0,40
0.34482759,1.4,2,0.2,8,12,0.8,1.0,40
0.51724138,1.4,2,0.2,8,12,0.8,1.0,40
0.68965517,1.4,2,0.2,8,12,0.8,1.0,40
0.86206897,1.4,2,0.2,8,12,0.8,1.0,39.726004
1.0344828,1.4,2,0.2,8,12,0.8,1.0,31.460901
1.2068966,1.4,2,0.2,8,12,0.8,1.0,22.253766
1.3793103,1.4,2,0.2,8,12,0.8,1.0,12.591254
1.5517241,1.4,2,0.2,8,12,0.8,1.0,7.0324214
1.7241379,1.4,2,0.2,8,12,0.8,1.0,6.5893552
1.8965517,1.4,2,0.2,8,12,0.8,1.0,3.4354747
2.0689655,1.4,2,0.2,8,12,0.8,1.0,7.0330914
2.2413793,1.4,2,0.2,8,12,0.8,1.0,9.0331222
2.4137931,1.4,2,0.2,8,12,0.8,1.0,2.6163485
2.5862069,1.4,2,0.2,8,12,0.8,1.0,3.47177
2.7586207,1.4,2,0.2,8,12,0.8,1.0,4.0058118
2.9310345,1.4,2,0.2,8,12,0.8,1.0,3.655695
3.1034483,1.4,2,0.2,8,12,0.8,1.0,3.1995489
3.2758621,1.4,2,0.2,8,12,0.8,1.0,2.8973607
3.4482759,1.4,2,0.2,8,12,0.8,1.0,2.9466056
3.6206897,1.4,2,0.2,8,12,0.8,1.0,3.2531141
3.7931034,1.4,2,0.2,8,12,0.8,1.0,3.377654
3.9655172,1.4,2,0.2,8,12,0.8,1.0,5.8619261
4.137931,1.4,2,0.2,8,12,0.8,1.0,5.4160399
4.3103448,1.4,2,0.2,8,12,0.8,1.0,8.9678189
4.4827586,1.4,2,0.2,8,12,0.8,1.0,3.9140576
4.6551724,1.4,2,0.2,8,12,0.8,1.0,15.60883
4.8275862,1.4,2,0.2,8,12,0.8,1.0,21.388383
5,1.4,2,0.2,8,12,0.8,1.0,26.661009
0.17241379,1.6,2,0.2,8,12,0.8,1.0,40
0.34482759,1.6,2,0.2,8,12,0.8,1.0,40
0.51724138,1.6,2,0.2,8,12,0.8,1.0,40
0.68965517,1.6,2,0.2,8,12,0.8,1.0,40
0.86206897,1.6,2,0.2,8,12,0.8,1.0,39.288178
1.0344828,1.6,2,0.2,8,12,0.8,1.0,30.965859
1.2068966,1.6,2,0.2,8,12,0.8,1.0,21.639208
1.3793103,1.6,2,0.2,8,12,0.8,1.0,12.859089
1.5517241,1.6,2,0.2,8,12,0.8,1.0,7.1966596
1.7241379,1.6,2,0.2,8,12,0.8,1.0,6.9270445
1.8965517,1.6,2,0.2,8,12,0.8,1.0,3.8504785
2.0689655,1.6,2,0.2,8,12,0.8,1.0,5.1256118
2.2413793,1.6,2,0.2,8,12,0.8,1.0,12.647984
2.4137931,1.6,2,0.2,8,12,0.8,1.0,2.6513701
2.5862069,1.6,2,0.2,8,12,0.8,1.0,2.3141119
2.7586207,1.6,2,0.2,8,12,0.8,1.0,2.7982655
2.9310345,1.6,2,0.2,8,12,0.8,1.0,2.6497196
3.1034483,1.6,2,0.2,8,12,0.8,1.0,2.2427874
3.2758621,1.6,2,0.2,8,12,0.8,1.0,2.0291801
3.4482759,1.6,2,0.2,8,12,0.8,1.0,2.2572836
3.6206897,1.6,2,0.2,8,12,0.8,1.0,2.8519116
3.7931034,1.6,2,0.2,8,12,0.8,1.0,3.4255631
3.9655172,1.6,2,0.2,8,12,0.8,1.0,4.6850489
4.137931,1.6,2,0.2,8,12,0.8,1.0,9.5638722
4.3103448,1.6,2,0.2,8,12,0.8,1.0,6.7220237
4.4827586,1.6,2,0.2,8,12,0.8,1.0,18.660991
4.6551724,1.6,2,0.2,8,12,0.8,1.0,9.5147633
4.8275862,1.6,2,0.2,8,12,0.8,1.0,17.06785
5,1.6,2,0.2,8,12,0.8,1.0,22.903603
0.17241379,1.8,2,0.2,8,12,0.8,1.0,40
0.34482759,1.8,2,0.2,8,12,0.8,1.0,40
0.51724138,1.8,2,0.2,8,12,0.8,1.0,40
0.68965517,1.8,2,0.2,8,12,0.8,1.0,40
0.86206897,1.8,2,0.2,8,12,0.8,1.0,38.513743
1.0344828,1.8,2,0.2,8,12,0.8,1.0,30.256514
1.2068966,1.8,2,0.2,8,12,0.8,1.0,21.066122
1.3793103,1.8,2,0.2,8,12,0.8,1.0,11.87232
1.5517241,1.8,2,0.2,8,12,0.8,1.0,6.6984767
1.7241379,1.8,2,0.2,8,12,0.8,1.0,6.5072836
1.8965517,1.8,2,0.2,8,12,0.8,1.0,3.945868
2.0689655,1.8,2,0.2,8,12,0.8,1.0,3.2605006
2.2413793,1.8,2,0.2,8,12,0.8,1.0,23.833688
2.4137931,1.8,2,0.2,8,12,0.8,1.0,4.0453397
2.5862069,1.8,2,0.2,8,12,0.8,1.0,2.3026576
2.7586207,1.8,2,0.2,8,12,0.8,1.0,3.2586985
2.9310345,1.8,2,0.2,8,12,0.8,1.0,3.9830817
3.1034483,1.8,2,0.2,8,12,0.8,1.0,4.7691976
3.2758621,1.8,2,0.2,8,12,0.8,1.0,2.9433214
3.4482759,1.8,2,0.2,8,12,0.8,1.0,3.877216
3.6206897,1.8,2,0.2,8,12,0.8,1.0,5.2119889
3.7931034,1.8,2,0.2,8,12,0.8,1.0,6.7839477
3.9655172,1.8,2,0.2,8,12,0.8,1.0,8.3048763
4.137931,1.8,2,0.2,8,12,0.8,1.0,9.7394467
4.3103448,1.8,2,0.2,8,12,0.8,1.0,10.441256
4.4827586,1.8,2,0.2,8,12,0.8,1.0,9.7984915
4.6551724,1.8,2,0.2,8,12,0.8,1.0,6.8487509
4.8275862,1.8,2,0.2,8,12,0.8,1.0,14.361641
5,1.8,2,0.2,8,12,0.8,1.0,16.537931
0.17241379,1.8,1,0.2,8,12,0.8,1.0,40
0.34482759,1.8,1,0.2,8,12,0.8,1.0,40
0.51724138,1.8,1,0.2,8,12,0.8,1.0,40
0.68965517,1.8,1,0.2,8,12,0.8,1.0,40
0.86206897,1.8,1,0.2,8,12,0.8,1.0,38.19027
1.0344828,1.8,1,0.2,8,12,0.8,1.0,29.90364
1.2068966,1.8,1,0.2,8,12,0.8,1.0,20.628324
1.3793103,1.8,1,0.2,8,12,0.8,1.0,12.147189
1.5517241,1.8,1,0.2,8,12,0.8,1.0,6.7275872
1.7241379,1.8,1,0.2,8,12,0.8,1.0,6.6532005
1.8965517,1.8,1,0.2,8,12,0.8,1.0,3.9992311
2.0689655,1.8,1,0.2,8,12,0.8,1.0,3.7158837
2.2413793,1.8,1,0.2,8,12,0.8,1.0,17.186553
2.4137931,1.8,1,0.2,8,12,0.8,1.0,3.20712
2.5862069,1.8,1,0.2,8,12,0.8,1.0,3.6195264
2.7586207,1.8,1,0.2,8,12,0.8,1.0,5.1824044
2.9310345,1.8,1,0.2,8,12,0.8,1.0,6.3556036
3.1034483,1.8,1,0.2,8,12,0.8,1.0,7.8586378
3.2758621,1.8,1,0.2,8,12,0.8,1.0,11.820166
3.4482759,1.8,1,0.2,8,12,0.8,1.0,7.9982382
3.6206897,1.8,1,0.2,8,12,0.8,1.0,5.4762958
3.7931034,1.8,1,0.2,8,12,0.8,1.0,8.193431
3.9655172,1.8,1,0.2,8,12,0.8,1.0,10.638983
4.137931,1.8,1,0.2,8,12,0.8,1.0,12.808012
4.3103448,1.8,1,0.2,8,12,0.8,1.0,14.901053
4.4827586,1.8,1,0.2,8,12,0.8,1.0,16.1908
4.6551724,1.8,1,0.2,8,12,0.8,1.0,16.779742
4.8275862,1.8,1,0.2,8,12,0.8,1.0,16.126163
5,1.8,1,0.2,8,12,0.8,1.0,14.061578
0.17241379,1.8,1.5,0.2,8,12,0.8,1.0,40
0.34482759,1.8,1.5,0.2,8,12,0.8,1.0,40
0.51724138,1.8,1.5,0.2,8,12,0.8,1.0,40
0.68965517,1.8,1.5,0.2,8,12,0.8,1.0,40
0.86206897,1.8,1.5,0.2,8,12,0.8,1.0,38.620597
1.0344828,1.8,1.5,0.2,8,12,0.8,1.0,29.997848
1.2068966,1.8,1.5,0.2,8,12,0.8,1.0,20.106514
1.3793103,1.8,1.5,0.2,8,12,0.8,1.0,30.645782
1.5517241,1.8,1.5,0.2,8,12,0.8,1.0,8.8285822
1.7241379,1.8,1.5,0.2,8,12,0.8,1.0,8.1078145
1.8965517,1.8,1.5,0.2,8,12,0.8,1.0,4.4382635
2.0689655,1.8,1.5,0.2,8,12,0.8,1.0,5.6819199
2.2413793,1.8,1.5,0.2,8,12,0.8,1.0,11.752562
2.4137931,1.8,1.5,0.2,8,12,0.8,1.0,2.8534187
2.5862069,1.8,1.5,0.2,8,12,0.8,1.0,1.6911561
2.7586207,1.8,1.5,0.2,8,12,0.8,1.0,1.8376336
2.9310345,1.8,1.5,0.2,8,12,0.8,1.0,2.338318
3.1034483,1.8,1.5,0.2,8,12,0.8,1.0,2.5192071
3.2758621,1.8,1.5,0.2,8,12,0.8,1.0,3.1452932
3.4482759,1.8,1.5,0.2,8,12,0.8,1.0,3.343596
3.6206897,1.8,1.5,0.2,8,12,0.8,1.0,3.4575653
3.7931034,1.8,1.5,0.2,8,12,0.8,1.0,4.889426
3.9655172,1.8,1.5,0.2,8,12,0.8,1.0,14.967164
4.137931,1.8,1.5,0.2,8,12,0.8,1.0,17.535522
4.3103448,1.8,1.5,0.2,8,12,0.8,1.0,9.1307784
4.4827586,1.8,1.5,0.2,8,12,0.8,1.0,4.8369741
4.6551724,1.8,1.5,0.2,8,12,0.8,1.0,11.703525
4.8275862,1.8,1.5,0.2,8,12,0.8,1.0,17.116608
5,1.8,1.5,0.2,8,12,0.8,1.0,21.662753
0.17241379,1.8,2.5,0.2,8,12,0.8,1.0,40
0.34482759,1.8,2.5,0.2,8,12,0.8,1.0,40
0.51724138,1.8,2.5,0.2,8,12,0.8,1.0,40
0.68965517,1.8,2.5,0.2,8,12,0.8,1.0,40
0.86206897,1.8,2.5,0.2,8,12,0.8,1.0,38.513743
1.0344828,1.8,2.5,0.2,8,12,0.8,1.0,30.256514
1.2068966,1.8,2.5,0.2,8,12,0.8,1.0,21.066122
1.3793103,1.8,2.5,0.2,8,12,0.8,1.0,11.87232
1.5517241,1.8,2.5,0.2,8,12,0.8,1.0,6.6984767
1.7241379,1.8,2.5,0.2,8,12,0.8,1.0,6.5072836
1.8965517,1.8,2.5,0.2,8,12,0.8,1.0,3.945868
2.0689655,1.8,2.5,0.2,8,12,0.8,1.0,3.2605006
2.2413793,1.8,2.5,0.2,8,12,0.8,1.0,23.833688
2.4137931,1.8,2.5,0.2,8,12,0.8,1.0,4.0453397
2.5862069,1.8,2.5,0.2,8,12,0.8,1.0,2.3026576
2.7586207,1.8,2.5,0.2,8,12,0.8,1.0,3.2586985
2.9310345,1.8,2.5,0.2,8,12,0.8,1.0,3.9830817
3.1034483,1.8,2.5,0.2,8,12,0.8,1.0,4.7691976
3.2758621,1.8,2.5,0.2,8,12,0.8,1.0,2.9433214
3.4482759,1.8,2.5,0.2,8,12,0.8,1.0,3.877216
3.6206897,1.8,2.5,0.2,8,12,0.8,1.0,5.2119889
3.7931034,1.8,2.5,0.2,8,12,0.8,1.0,6.7839477
3.9655172,1.8,2.5,0.2,8,12,0.8,1.0,8.3048763
4.137931,1.8,2.5,0.2,8,12,0.8,1.0,9.7394467
4.3103448,1.8,2.5,0.2,8,12,0.8,1.0,10.441256
4.4827586,1.8,2.5,0.2,8,12,0.8,1.0,9.7984915
4.6551724,1.8,2.5,0.2,8,12,0.8,1.0,6.8487509
4.8275862,1.8,2.5,0.2,8,12,0.8,1.0,14.361641
5,1.8,2.5,0.2,8,12,0.8,1.0,16.537931
0.17241379,1.8,3,0.2,8,12,0.8,1.0,40
0.34482759,1.8,3,0.2,8,12,0.8,1.0,40
0.51724138,1.8,3,0.2,8,12,0.8,1.0,40
0.68965517,1.8,3,0.2,8,12,0.8,1.0,40
0.86206897,1.8,3,0.2,8,12,0.8,1.0,38.19027
1.0344828,1.8,3,0.2,8,12,0.8,1.0,29.90364
1.2068966,1.8,3,0.2,8,12,0.8,1.0,20.628324
1.3793103,1.8,3,0.2,8,12,0.8,1.0,12.147189
1.5517241,1.8,3,0.2,8,12,0.8,1.0,6.7275872
1.7241379,1.8,3,0.2,8,12,0.8,1.0,6.6532005
1.8965517,1.8,3,0.2,8,12,0.8,1.0,3.9992311
2.0689655,1.8,3,0.2,8,12,0.8,1.0,3.7158837
2.2413793,1.8,3,0.2,8,12,0.8,1.0,17.186553
2.4137931,1.8,3,0.2,8,12,0.8,1.0,3.20712
2.5862069,1.8,3,0.2,8,12,0.8,1.0,3.6195264
2.7586207,1.8,3,0.2,8,12,0.8,1.0,5.1824044
2.9310345,1.8,3,0.2,8,12,0.8,1.0,6.3556036
3.1034483,1.8,3,0.2,8,12,0.8,1.0,7.8586378
3.2758621,1.8,3,0.2,8,12,0.8,1.0,11.820166
3.4482759,1.8,3,0.2,8,12,0.8,1.0,7.9982382
3.6206897,1.8,3,0.2,8,12,0.8,1.0,5.4762958
3.7931034,1.8,3,0.2,8,12,0.8,1.0,8.193431
3.9655172,1.8,3,0.2,8,12,0.8,1.0,10.638983
4.137931,1.8,3,0.2,8,12,0.8,1.0,12.808012
4.3103448,1.8,3,0.2,8,12,0.8,1.0,14.901053
4.4827586,1.8,3,0.2,8,12,0.8,1.0,16.1908
4.6551724,1.8,3,0.2,8,12,0.8,1.0,16.779742
4.8275862,1.8,3,0.2,8,12,0.8,1.0,16.126163
5,1.8,3,0.2,8,12,0.8,1.0,14.061578
0.17241379,1.8,2,0.2,8,12,0.8,1.0,40
0.34482759,1.8,2,0.2,8,12,0.8,1.0,40
0.51724138,1.8,2,0.2,8,12,0.8,1.0,40
0.68965517,1.8,2,0.2,8,12,0.8,1.0,40
0.86206897,1.8,2,0.2,8,12,0.8,1.0,38.568866
1.0344828,1.8,2,0.2,8,12,0.8,1.0,30.145915
1.2068966,1.8,2,0.2,8,12,0.8,1.0,20.64154
1.3793103,1.8,2,0.2,8,12,0.8,1.0,14.212743
1.5517241,1.8,2,0.2,8,12,0.8,1.0,7.3828977
1.7241379,1.8,2,0.2,8,12,0.8,1.0,7.1559039
1.8965517,1.8,2,0.2,8,12,0.8,1.0,4.1034319
2.0689655,1.8,2,0.2,8,12,0.8,1.0,4.2018037
2.2413793,1.8,2,0.2,8,12,0.8,1.0,16.680466
2.4137931,1.8,2,0.2,8,12,0.8,1.0,3.4751043
2.5862069,1.8,2,0.2,8,12,0.8,1.0,1.9350617
2.7586207,1.8,2,0.2,8,12,0.8,1.0,2.3115586
2.9310345,1.8,2,0.2,8,12,0.8,1.0,2.3531037
3.1034483,1.8,2,0.2,8,12,0.8,1.0,1.4597617
3.2758621,1.8,2,0.2,8,12,0.8,1.0,1.35142
3.4482759,1.8,2,0.2,8,12,0.8,1.0,1.7390601
3.6206897,1.8,2,0.2,8,12,0.8,1.0,2.5597111
3.7931034,1.8,2,0.2,8,12,0.8,1.0,3.4703639
3.9655172,1.8,2,0.2,8,12,0.8,1.0,4.0285436
4.137931,1.8,2,0.2,8,12,0.8,1.0,7.7137188
4.3103448,1.8,2,0.2,8,12,0.8,1.0,5.765227
4.4827586,1.8,2,0.2,8,12,0.8,1.0,6.1755889
4.6551724,1.8,2,0.2,8,12,0.8,1.0,7.8196666
4.8275862,1.8,2,0.2,8,12,0.8,1.0,13.354724
5,1.8,2,0.2,8,12,0.8,1.0,19.567876
0.17241379,1.8,2,0.1,8,12,0.8,1.0,40
0.34482759,1.8,2,0.1,8,12,0.8,1.0,40
0.51724138,1.8,2,0.1,8,12,0.8,1.0,40
0.68965517,1.8,2,0.1,8,12,0.8,1.0,40
0.86206897,1.8,2,0.1,8,12,0.8,1.0,39.947645
1.0344828,1.8,2,0.1,8,12,0.8,1.0,31.188823
1.2068966,1.8,2,0.1,8,12,0.8,1.0,21.293113
1.3793103,1.8,2,0.1,8,12,0.8,1.0,14.906985
1.5517241,1.8,2,0.1,8,12,0.8,1.0,6.6481591
1.7241379,1.8,2,0.1,8,12,0.8,1.0,5.3466378
1.8965517,1.8,2,0.1,8,12,0.8,1.0,1.8385455
2.0689655,1.8,2,0.1,8,12,0.8,1.0,38.467881
2.2413793,1.8,2,0.1,8,12,0.8,1.0,3.5296796
2.4137931,1.8,2,0.1,8,12,0.8,1.0,3.6311777
2.5862069,1.8,2,0.1,8,12,0.8,1.0,3.5966418
2.7586207,1.8,2,0.1,8,12,0.8,1.0,3.674178
2.9310345,1.8,2,0.1,8,12,0.8,1.0,3.3741383
3.1034483,1.8,2,0.1,8,12,0.8,1.0,2.9770237
3.2758621,1.8,2,0.1,8,12,0.8,1.0,2.9483162
3.4482759,1.8,2,0.1,8,12,0.8,1.0,3.6521143
3.6206897,1.8,2,0.1,8,12,0.8,1.0,5.3236177
3.7931034,1.8,2,0.1,8,12,0.8,1.0,7.4456312
3.9655172,1.8,2,0.1,8,12,0.8,1.0,2.0857213
4.137931,1.8,2,0.1,8,12,0.8,1.0,7.0534544
4.3103448,1.8,2,0.1,8,12,0.8,1.0,6.1133111
4.4827586,1.8,2,0.1,8,12,0.8,1.0,4.7609074
4.6551724,1.8,2,0.1,8,12,0.8,1.0,21.6158
4.8275862,1.8,2,0.1,8,12,0.8,1.0,10.716536
5,1.8,2,0.1,8,12,0.8,1.0,18.610029
0.17241379,1.8,2,0.3,8,12,0.8,1.0,40
0.34482759,1.8,2,0.3,8,12,0.8,1.0,40
0.51724138,1.8,2,0.3,8,12,0.8,1.0,40
0.68965517,1.8,2,0.3,8,12,0.8,1.0,40
0.86206897,1.8,2,0.3,8,12,0.8,1.0,37.900935
1.0344828,1.8,2,0.3,8,12,0.8,1.0,29.674518
1.2068966,1.8,2,0.3,8,12,0.8,1.0,20.409735
1.3793103,1.8,2,0.3,8,12,0.8,1.0,13.590297
1.5517241,1.8,2,0.3,8,12,0.8,1.0,7.7532397
1.7241379,1.8,2,0.3,8,12,0.8,1.0,8.057735
1.8965517,1.8,2,0.3,8,12,0.8,1.0,5.8776217
2.0689655,1.8,2,0.3,8,12,0.8,1.0,1.6812535
2.2413793,1.8,2,0.3,8,12,0.8,1.0,12.129742
2.4137931,1.8,2,0.3,8,12,0.8,1.0,8.6048861
2.5862069,1.8,2,0.3,8,12,0.8,1.0,2.6199155
2.7586207,1.8,2,0.3,8,12,0.8,1.0,1.3584234
2.9310345,1.8,2,0.3,8,12,0.8,1.0,1.1786613
3.1034483,1.8,2,0.3,8,12,0.8,1.0,0.9467845
3.2758621,1.8,2,0.3,8,12,0.8,1.0,0.69870843
3.4482759,1.8,2,0.3,8,12,0.8,1.0,1.130969
3.6206897,1.8,2,0.3,8,12,0.8,1.0,1.919633
3.7931034,1.8,2,0.3,8,12,0.8,1.0,2.7330056
3.9655172,1.8,2,0.3,8,12,0.8,1.0,3.2581341
4.137931,1.8,2,0.3,8,12,0.8,1.0,6.9385882
4.3103448,1.8,2,0.3,8,12,0.8,1.0,4.3070857
4.4827586,1.8,2,0.3,8,12,0.8,1.0,16.397206
4.6551724,1.8,2,0.3,8,12,0.8,1.0,6.7488739
4.8275862,1.8,2,0.3,8,12,0.8,1.0,14.035224
5,1.8,2,0.3,8,12,0.8,1.0,22.27368
0.17241379,1.8,2,0.4,8,12,0.8,1.0,40
0.34482759,1.8,2,0.4,8,12,0.8,1.0,40
0.51724138,1.8,2,0.4,8,12,0.8,1.0,40
0.68965517,1.8,2,0.4,8,12,0.8,1.0,40
0.86206897,1.8,2,0.4,8,12,0.8,1.0,37.507731
1.0344828,1.8,2,0.4,8,12,0.8,1.0,29.375394
1.2068966,1.8,2,0.4,8,12,0.8,1.0,20.230447
1.3793103,1.8,2,0.4,8,12,0.8,1.0,13.407796
1.5517241,1.8,2,0.4,8,12,0.8,1.0,7.9681345
1.7241379,1.8,2,0.4,8,12,0.8,1.0,8.5366863
1.8965517,1.8,2,0.4,8,12,0.8,1.0,6.7824847
2.0689655,1.8,2,0.4,8,12,0.8,1.0,2.8842644
2.2413793,1.8,2,0.4,8,12,0.8,1.0,6.3550653
2.4137931,1.8,2,0.4,8,12,0.8,1.0,15.377617
2.5862069,1.8,2,0.4,8,12,0.8,1.0,4.372842
2.7586207,1.8,2,0.4,8,12,0.8,1.0,1.7786215
2.9310345,1.8,2,0.4,8,12,0.8,1.0,1.0810443
3.1034483,1.8,2,0.4,8,12,0.8,1.0,0.79198122
3.2758621,1.8,2,0.4,8,12,0.8,1.0,0.65972233
3.4482759,1.8,2,0.4,8,12,0.8,1.0,0.53543489
3.6206897,1.8,2,0.4,8,12,0.8,1.0,1.2963086
3.7931034,1.8,2,0.4,8,12,0.8,1.0,2.0106059
3.9655172,1.8,2,0.4,8,12,0.8,1.0,2.5203679
4.137931,1.8,2,0.4,8,12,0.8,1.0,4.6745831
4.3103448,1.8,2,0.4,8,12,0.8,1.0,7.4091284
4.4827586,1.8,2,0.4,8,12,0.8,1.0,7.7266098
4.6551724,1.8,2,0.4,8,12,0.8,1.0,9.8181455
4.8275862,1.8,2,0.4,8,12,0.8,1.0,15.230491
5,1.8,2,0.4,8,12,0.8,1.0,25.248671
0.17241379,1.8,2,0.5,8,12,0.8,1.0,40
0.34482759,1.8,2,0.5,8,12,0.8,1.0,40
0.51724138,1.8,2,0.5,8,12,0.8,1.0,40
0.68965517,1.8,2,0.5,8,12,0.8,1.0,40
0.86206897,1.8,2,0.5,8,12,0.8,1.0,40
1.0344828,1.8,2,0.5,8,12,0.8,1.0,32.772268
1.2068966,1.8,2,0.5,8,12,0.8,1.0,22.362848
1.3793103,1.8,2,0.5,8,12,0.8,1.0,15.302393
1.5517241,1.8,2,0.5,8,12,0.8,1.0,5.6096999
1.7241379,1.8,2,0.5,8,12,0.8,1.0,2.7876454
1.8965517,1.8,2,0.5,8,12,0.8,1.0,11.692159
2.0689655,1.8,2,0.5,8,12,0.8,1.0,6.0579468
2.2413793,1.8,2,0.5,8,12,0.8,1.0,3.9628958
2.4137931,1.8,2,0.5,8,12,0.8,1.0,5.7162848
2.5862069,1.8,2,0.5,8,12,0.8,1.0,6.5728292
2.7586207,1.8,2,0.5,8,12,0.8,1.0,7.3982595
2.9310345,1.8,2,0.5,8,12,0.8,1.0,8.7815614
3.1034483,1.8,2,0.5,8,12,0.8,1.0,4.8106272
3.2758621,1.8,2,0.5,8,12,0.8,1.0,1.3022488
3.4482759,1.8,2,0.5,8,12,0.8,1.0,1.3036964
3.6206897,1.8,2,0.5,8,12,0.8,1.0,1.729214
3.7931034,1.8,2,0.5,8,12,0.8,1.0,2.6394689
3.9655172,1.8,2,0.5,8,12,0.8,1.0,3.5516818
4.137931,1.8,2,0.5,8,12,0.8,1.0,7.6925716
4.3103448,1.8,2,0.5,8,12,0.8,1.0,7.3618311
4.4827586,1.8,2,0.5,8,12,0.8,1.0,5.5911268
4.6551724,1.8,2,0.5,8,12,0.8,1.0,14.032906
4.8275862,1.8,2,0.5,8,12,0.8,1.0,9.289978
5,1.8,2,0.5,8,12,0.8,1.0,16.415031
0.17241379,1.8,2,0.2,8,12,0.8,1.0,40
0.34482759,1.8,2,0.2,8,12,0.8,1.0,40
0.51724138,1.8,2,0.2,8,12,0.8,1.0,40
0.68965517,1.8,2,0.2,8,12,0.8,1.0,40
0.86206897,1.8,2,0.2,8,12,0.8,1.0,38.568863
1.0344828,1.8,2,0.2,8,12,0.8,1.0,30.1459
1.2068966,1.8,2,0.2,8,12,0.8,1.0,20.641549
1.3793103,1.8,2,0.2,8,12,0.8,1.0,14.212764
1.5517241,1.8,2,0.2,8,12,0.8,1.0,7.3828989
1.7241379,1.8,2,0.2,8,12,0.8,1.0,7.1559018
1.8965517,1.8,2,0.2,8,12,0.8,1.0,4.1034814
2.0689655,1.8,2,0.2,8,12,0.8,1.0,4.2017559
2.2413793,1.8,2,0.2,8,12,0.8,1.0,16.680324
2.4137931,1.8,2,0.2,8,12,0.8,1.0,3.475204
2.5862069,1.8,2,0.2,8,12,0.8,1.0,1.9352287
2.7586207,1.8,2,0.2,8,12,0.8,1.0,2.3120383
2.9310345,1.8,2,0.2,8,12,0.8,1.0,2.3531693
3.1034483,1.8,2,0.2,8,12,0.8,1.0,1.4594433
3.2758621,1.8,2,0.2,8,12,0.8,1.0,1.3507893
3.4482759,1.8,2,0.2,8,12,0.8,1.0,1.7389828
3.6206897,1.8,2,0.2,8,12,0.8,1.0,2.559968
3.7931034,1.8,2,0.2,8,12,0.8,1.0,3.4700436
3.9655172,1.8,2,0.2,8,12,0.8,1.0,4.0282913
4.137931,1.8,2,0.2,8,12,0.8,1.0,7.7139018
4.3103448,1.8,2,0.2,8,12,0.8,1.0,5.7643099
4.4827586,1.8,2,0.2,8,12,0.8,1.0,6.1746603
4.6551724,1.8,2,0.2,8,12,0.8,1.0,7.8237338
4.8275862,1.8,2,0.2,8,12,0.8,1.0,13.360165
5,1.8,2,0.2,8,12,0.8,1.0,19.569266
0.17241379,1.8,2,0.2,7.8,12,0.8,1.0,40
0.34482759,1.8,2,0.2,7.8,12,0.8,1.0,40
0.51724138,1.8,2,0.2,7.8,12,0.8,1.0,40
0.68965517,1.8,2,0.2,7.8,12,0.8,1.0,40
0.86206897,1.8,2,0.2,7.8,12,0.8,1.0,37.316683
1.0344828,1.8,2,0.2,7.8,12,0.8,1.0,28.749211
1.2068966,1.8,2,0.2,7.8,12,0.8,1.0,18.946128
1.3793103,1.8,2,0.2,7.8,12,0.8,1.0,21.258158
1.5517241,1.8,2,0.2,7.8,12,0.8,1.0,7.3823849
1.7241379,1.8,2,0.2,7.8,12,0.8,1.0,6.9283112
1.8965517,1.8,2,0.2,7.8,12,0.8,1.0,3.6292967
2.0689655,1.8,2,0.2,7.8,12,0.8,1.0,5.0054269
2.2413793,1.8,2,0.2,7.8,12,0.8,1.0,15.0332
2.4137931,1.8,2,0.2,7.8,12,0.8,1.0,3.3880966
2.5862069,1.8,2,0.2,7.8,12,0.8,1.0,1.7063029
2.7586207,1.8,2,0.2,7.8,12,0.8,1.0,1.8855278
2.9310345,1.8,2,0.2,7.8,12,0.8,1.0,1.6763856
3.1034483,1.8,2,0.2,7.8,12,0.8,1.0,1.2217725
3.2758621,1.8,2,0.2,7.8,12,0.8,1.0,0.98192844
3.4482759,1.8,2,0.2,7.8,12,0.8,1.0,1.2408314
3.6206897,1.8,2,0.2,7.8,12,0.8,1.0,2.0128546
3.7931034,1.8,2,0.2,7.8,12,0.8,1.0,2.9178971
3.9655172,1.8,2,0.2,7.8,12,0.8,1.0,3.5049586
4.137931,1.8,2,0.2,7.8,12,0.8,1.0,8.5912963
4.3103448,1.8,2,0.2,7.8,12,0.8,1.0,6.5967692
4.4827586,1.8,2,0.2,7.8,12,0.8,1.0,5.1722177
4.6551724,1.8,2,0.2,7.8,12,0.8,1.0,9.4311727
4.8275862,1.8,2,0.2,7.8,12,0.8,1.0,12.176673
5,1.8,2,0.2,7.8,12,0.8,1.0,18.874291
0.17241379,1.8,2,0.2,7.9,12,0.8,1.0,40
0.34482759,1.8,2,0.2,7.9,12,0.8,1.0,40
0.51724138,1.8,2,0.2,7.9,12,0.8,1.0,40
0.68965517,1.8,2,0.2,7.9,12,0.8,1.0,40
0.86206897,1.8,2,0.2,7.9,12,0.8,1.0,37.999299
1.0344828,1.8,2,0.2,7.9,12,0.8,1.0,29.49773
1.2068966,1.8,2,0.2,7.9,12,0.8,1.0,19.849526
1.3793103,1.8,2,0.2,7.9,12,0.8,1.0,16.196868
1.5517241,1.8,2,0.2,7.9,12,0.8,1.0,7.3227806
1.7241379,1.8,2,0.2,7.9,12,0.8,1.0,6.97951
1.8965517,1.8,2,0.2,7.9,12,0.8,1.0,3.7560531
2.0689655,1.8,2,0.2,7.9,12,0.8,1.0,4.9508028
2.2413793,1.8,2,0.2,7.9,12,0.8,1.0,14.493089
2.4137931,1.8,2,0.2,7.9,12,0.8,1.0,3.1774657
2.5862069,1.8,2,0.2,7.9,12,0.8,1.0,1.884901
2.7586207,1.8,2,0.2,7.9,12,0.8,1.0,2.2277677
2.9310345,1.8,2,0.2,7.9,12,0.8,1.0,2.0746641
3.1034483,1.8,2,0.2,7.9,12,0.8,1.0,1.5071798
3.2758621,1.8,2,0.2,7.9,12,0.8,1.0,1.3547596
3.4482759,1.8,2,0.2,7.9,12,0.8,1.0,1.6933232
3.6206897,1.8,2,0.2,7.9,12,0.8,1.0,2.5058865
3.7931034,1.8,2,0.2,7.9,12,0.8,1.0,3.4269276
3.9655172,1.8,2,0.2,7.9,12,0.8,1.0,3.9838744
4.137931,1.8,2,0.2,7.9,12,0.8,1.0,8.2739435
4.3103448,1.8,2,0.2,7.9,12,0.8,1.0,6.6267455
4.4827586,1.8,2,0.2,7.9,12,0.8,1.0,5.799836
4.6551724,1.8,2,0.2,7.9,12,0.8,1.0,8.2544654
4.8275862,1.8,2,0.2,7.9,12,0.8,1.0,12.895784
5,1.8,2,0.2,7.9,12,0.8,1.0,19.30159
0.17241379,1.8,2,0.2,8.1,12,0.8,1.0,40
0.34482759,1.8,2,0.2,8.1,12,0.8,1.0,40
0.51724138,1.8,2,0.2,8.1,12,0.8,1.0,40
0.68965517,1.8,2,0.2,8.1,12,0.8,1.0,40
0.86206897,1.8,2,0.2,8.1,12,0.8,1.0,39.147467
1.0344828,1.8,2,0.2,8.1,12,0.8,1.0,30.79254
1.2068966,1.8,2,0.2,8.1,12,0.8,1.0,21.419207
1.3793103,1.8,2,0.2,8.1,12,0.8,1.0,13.22787
1.5517241,1.8,2,0.2,8.1,12,0.8,1.0,7.4073916
1.7241379,1.8,2,0.2,8.1,12,0.8,1.0,7.283956
1.8965517,1.8,2,0.2,8.1,12,0.8,1.0,4.4112774
2.0689655,1.8,2,0.2,8.1,12,0.8,1.0,3.6991236
2.2413793,1.8,2,0.2,8.1,12,0.8,1.0,19.135456
2.4137931,1.8,2,0.2,8.1,12,0.8,1.0,3.8001355
2.5862069,1.8,2,0.2,8.1,12,0.8,1.0,2.025062
2.7586207,1.8,2,0.2,8.1,12,0.8,1.0,2.328488
2.9310345,1.8,2,0.2,8.1,12,0.8,1.0,2.2550061
3.1034483,1.8,2,0.2,8.1,12,0.8,1.0,1.9110779
3.2758621,1.8,2,0.2,8.1,12,0.8,1.0,1.8098132
3.4482759,1.8,2,0.2,8.1,12,0.8,1.0,2.1524826
3.6206897,1.8,2,0.2,8.1,12,0.8,1.0,2.9098731
3.7931034,1.8,2,0.2,8.1,12,0.8,1.0,3.7259078
3.9655172,1.8,2,0.2,8.1,12,0.8,1.0,4.0924822
4.137931,1.8,2,0.2,8.1,12,0.8,1.0,7.6073915
4.3103448,1.8,2,0.2,8.1,12,0.8,1.0,5.6403559
4.4827586,1.8,2,0.2,8.1,12,0.8,1.0,7.8022792
4.6551724,1.8,2,0.2,8.1,12,0.8,1.0,7.541769
4.8275862,1.8,2,0.2,8.1,12,0.8,1.0,14.148366
5,1.8,2,0.2,8.1,12,0.8,1.0,20.231339
0.17241379,1.8,2,0.2,8.2,12,0.8,1.0,40
0.34482759,1.8,2,0.2,8.2,12,0.8,1.0,40
0.51724138,1.8,2,0.2,8.2,12,0.8,1.0,40
0.68965517,1.8,2,0.2,8.2,12,0.8,1.0,40
0.86206897,1.8,2,0.2,8.2,12,0.8,1.0,39.566585
1.0344828,1.8,2,0.2,8.2,12,0.8,1.0,31.265983
1.2068966,1.8,2,0.2,8.2,12,0.8,1.0,21.993635
1.3793103,1.8,2,0.2,8.2,12,0.8,1.0,12.94644
1.5517241,1.8,2,0.2,8.2,12,0.8,1.0,7.4684339
1.7241379,1.8,2,0.2,8.2,12,0.8,1.0,7.3895964
1.8965517,1.8,2,0.2,8.2,12,0.8,1.0,4.640018
2.0689655,1.8,2,0.2,8.2,12,0.8,1.0,3.3117061
2.2413793,1.8,2,0.2,8.2,12,0.8,1.0,20.795607
2.4137931,1.8,2,0.2,8.2,12,0.8,1.0,3.7875644
2.5862069,1.8,2,0.2,8.2,12,0.8,1.0,2.0415449
2.7586207,1.8,2,0.2,8.2,12,0.8,1.0,2.5061298
2.9310345,1.8,2,0.2,8.2,12,0.8,1.0,2.6140681
3.1034483,1.8,2,0.2,8.2,12,0.8,1.0,2.03293
3.2758621,1.8,2,0.2,8.2,12,0.8,1.0,2.02756
3.4482759,1.8,2,0.2,8.2,12,0.8,1.0,2.4524676
3.6206897,1.8,2,0.2,8.2,12,0.8,1.0,3.2669508
3.7931034,1.8,2,0.2,8.2,12,0.8,1.0,4.1368042
3.9655172,1.8,2,0.2,8.2,12,0.8,1.0,4.6305574
4.137931,1.8,2,0.2,8.2,12,0.8,1.0,7.2543392
4.3103448,1.8,2,0.2,8.2,12,0.8,1.0,5.3835105
4.4827586,1.8,2,0.2,8.2,12,0.8,1.0,10.405796
4.6551724,1.8,2,0.2,8.2,12,0.8,1.0,8.0259414
4.8275862,1.8,2,0.2,8.2,12,0.8,1.0,14.865051
5,1.8,2,0.2,8.2,12,0.8,1.0,20.766069
0.17241379,1.8,2,0.2,8,12,0.8,1.0,40
0.34482759,1.8,2,0.2,8,12,0.8,1.0,40
0.51724138,1.8,2,0.2,8,12,0.8,1.0,40
0.68965517,1.8,2,0.2,8,12,0.8,1.0,40
0.86206897,1.8,2,0.2,8,12,0.8,1.0,38.568863
1.0344828,1.8,2,0.2,8,12,0.8,1.0,30.1459
1.2068966,1.8,2,0.2,8,12,0.8,1.0,20.641549
1.3793103,1.8,2,0.2,8,12,0.8,1.0,14.212764
1.5517241,1.8,2,0.2,8,12,0.8,1.0,7.3828989
1.7241379,1.8,2,0.2,8,12,0.8,1.0,7.1559018
1.8965517,1.8,2,0.2,8,12,0.8,1.0,4.1034814
2.0689655,1.8,2,0.2,8,12,0.8,1.0,4.2017559
2.2413793,1.8,2,0.2,8,12,0.8,1.0,16.680324
2.4137931,1.8,2,0.2,8,12,0.8,1.0,3.475204
2.5862069,1.8,2,0.2,8,12,0.8,1.0,1.9352287
2.7586207,1.8,2,0.2,8,12,0.8,1.0,2.3120383
2.9310345,1.8,2,0.2,8,12,0.8,1.0,2.3531693
3.1034483,1.8,2,0.2,8,12,0.8,1.0,1.4594433
3.2758621,1.8,2,0.2,8,12,0.8,1.0,1.3507893
3.4482759,1.8,2,0.2,8,12,0.8,1.0,1.7389828
3.6206897,1.8,2,0.2,8,12,0.8,1.0,2.559968
3.7931034,1.8,2,0.2,8,12,0.8,1.0,3.4700436
3.9655172,1.8,2,0.2,8,12,0.8,1.0,4.0282913
4.137931,1.8,2,0.2,8,12,0.8,1.0,7.7139018
4.3103448,1.8,2,0.2,8,12,0.8,1.0,5.7643099
4.4827586,1.8,2,0.2,8,12,0.8,1.0,6.1746603
4.6551724,1.8,2,0.2,8,12,0.8,1.0,7.8237338
4.8275862,1.8,2,0.2,8,12,0.8,1.0,13.360165
5,1.8,2,0.2,8,12,0.8,1.0,19.569266
0.17241379,1.8,2,0.2,8,8,0.8,1.0,40
0.34482759,1.8,2,0.2,8,8,0.8,1.0,40
0.51724138,1.8,2,0.2,8,8,0.8,1.0,40
0.68965517,1.8,2,0.2,8,8,0.8,1.0,40
0.86206897,1.8,2,0.2,8,8,0.8,1.0,37.316683
1.0344828,1.8,2,0.2,8,8,0.8,1.0,28.749211
1.2068966,1.8,2,0.2,8,8,0.8,1.0,18.946128
1.3793103,1.8,2,0.2,8,8,0.8,1.0,21.258158
1.5517241,1.8,2,0.2,8,8,0.8,1.0,7.3823849
1.7241379,1.8,2,0.2,8,8,0.8,1.0,6.9283112
1.8965517,1.8,2,0.2,8,8,0.8,1.0,3.6292967
2.0689655,1.8,2,0.2,8,8,0.8,1.0,5.0054269
2.2413793,1.8,2,0.2,8,8,0.8,1.0,15.0332
2.4137931,1.8,2,0.2,8,8,0.8,1.0,3.3880966
2.5862069,1.8,2,0.2,8,8,0.8,1.0,1.7063029
2.7586207,1.8,2,0.2,8,8,0.8,1.0,1.8855278
2.9310345,1.8,2,0.2,8,8,0.8,1.0,1.6763856
3.1034483,1.8,2,0.2,8,8,0.8,1.0,1.2217725
3.2758621,1.8,2,0.2,8,8,0.8,1.0,0.98192844
3.4482759,1.8,2,0.2,8,8,0.8,1.0,1.2408314
3.6206897,1.8,2,0.2,8,8,0.8,1.0,2.0128546
3.7931034,1.8,2,0.2,8,8,0.8,1.0,2.9178971
3.9655172,1.8,2,0.2,8,8,0.8,1.0,3.5049586
4.137931,1.8,2,0.2,8,8,0.8,1.0,8.5912963
4.3103448,1.8,2,0.2,8,8,0.8,1.0,6.5967692
4.4827586,1.8,2,0.2,8,8,0.8,1.0,5.1722177
4.6551724,1.8,2,0.2,8,8,0.8,1.0,9.4311727
4.8275862,1.8,2,0.2,8,8,0.8,1.0,12.176673
5,1.8,2,0.2,8,8,0.8,1.0,18.874291
0.17241379,1.8,2,0.2,8,10,0.8,1.0,40
0.34482759,1.8,2,0.2,8,10,0.8,1.0,40
0.51724138,1.8,2,0.2,8,10,0.8,1.0,40
0.68965517,1.8,2,0.2,8,10,0.8,1.0,40
0.86206897,1.8,2,0.2,8,10,0.8,1.0,37.999299
1.0344828,1.8,2,0.2,8,10,0.8,1.0,29.49773
1.2068966,1.8,2,0.2,8,10,0.8,1.0,19.849526
1.3793103,1.8,2,0.2,8,10,0.8,1.0,16.196868
1.5517241,1.8,2,0.2,8,10,0.8,1.0,7.3227806
1.7241379,1.8,2,0.2,8,10,0.8,1.0,6.97951
1.8965517,1.8,2,0.2,8,10,0.8,1.0,3.7560531
2.0689655,1.8,2,0.2,8,10,0.8,1.0,4.9508028
2.2413793,1.8,2,0.2,8,10,0.8,1.0,14.493089
2.4137931,1.8,2,0.2,8,10,0.8,1.0,3.1774657
2.5862069,1.8,2,0.2,8,10,0.8,1.0,1.884901
2.7586207,1.8,2,0.2,8,10,0.8,1.0,2.2277677
2.9310345,1.8,2,0.2,8,10,0.8,1.0,2.0746641
3.1034483,1.8,2,0.2,8,10,0.8,1.0,1.5071798
3.2758621,1.8,2,0.2,8,10,0.8,1.0,1.3547596
3.4482759,1.8,2,0.2,8,10,0.8,1.0,1.6933232
3.6206897,1.8,2,0.2,8,10,0.8,1.0,2.5058865
3.7931034,1.8,2,0.2,8,10,0.8,1.0,3.4269276
3.9655172,1.8,2,0.2,8,10,0.8,1.0,3.9838744
4.137931,1.8,2,0.2,8,10,0.8,1.0,8.2739435
4.3103448,1.8,2,0.2,8,10,0.8,1.0,6.6267455
4.4827586,1.8,2,0.2,8,10,0.8,1.0,5.799836
4.6551724,1.8,2,0.2,8,10,0.8,1.0,8.2544654
4.8275862,1.8,2,0.2,8,10,0.8,1.0,12.895784
5,1.8,2,0.2,8,10,0.8,1.0,19.30159
0.17241379,1.8,2,0.2,8,14,0.8,1.0,40
0.34482759,1.8,2,0.2,8,14,0.8,1.0,40
0.51724138,1.8,2,0.2,8,14,0.8,1.0,40
0.68965517,1.8,2,0.2,8,14,0.8,1.0,40
0.86206897,1.8,2,0.2,8,14,0.8,1.0,39.147467
1.0344828,1.8,2,0.2,8,14,0.8,1.0,30.79254
1.2068966,1.8,2,0.2,8,14,0.8,1.0,21.419207
1.3793103,1.8,2,0.2,8,14,0.8,1.0,13.22787
1.5517241,1.8,2,0.2,8,14,0.8,1.0,7.4073916
1.7241379,1.8,2,0.2,8,14,0.8,1.0,7.283956
1.8965517,1.8,2,0.2,8,14,0.8,1.0,4.4112774
2.0689655,1.8,2,0.2,8,14,0.8,1.0,3.6991236
2.2413793,1.8,2,0.2,8,14,0.8,1.0,19.135456
2.4137931,1.8,2,0.2,8,14,0.8,1.0,3.8001355
2.5862069,1.8,2,0.2,8,14,0.8,1.0,2.025062
2.7586207,1.8,2,0.2,8,14,0.8,1.0,2.328488
2.9310345,1.8,2,0.2,8,14,0.8,1.0,2.2550061
3.1034483,1.8,2,0.2,8,14,0.8,1.0,1.9110779
3.2758621,1.8,2,0.2,8,14,0.8,1.0,1.8098132
3.4482759,1.8,2,0.2,8,14,0.8,1.0,2.1524826
3.6206897,1.8,2,0.2,8,14,0.8,1.0,2.9098731
3.7931034,1.8,2,0.2,8,14,0.8,1.0,3.7259078
3.9655172,1.8,2,0.2,8,14,0.8,1.0,4.0924822
4.137931,1.8,2,0.2,8,14,0.8,1.0,7.6073915
4.3103448,1.8,2,0.2,8,14,0.8,1.0,5.6403559
4.4827586,1.8,2,0.2,8,14,0.8,1.0,7.8022792
4.6551724,1.8,2,0.2,8,14,0.8,1.0,7.541769
4.8275862,1.8,2,0.2,8,14,0.8,1.0,14.148366
5,1.8,2,0.2,8,14,0.8,1.0,20.231339
0.17241379,1.8,2,0.2,8,16,0.8,1.0,40
0.34482759,1.8,2,0.2,8,16,0.8,1.0,40
0.51724138,1.8,2,0.2,8,16,0.8,1.0,40
0.68965517,1.8,2,0.2,8,16,0.8,1.0,40
0.86206897,1.8,2,0.2,8,16,0.8,1.0,39.566585
1.0344828,1.8,2,0.2,8,16,0.8,1.0,31.265983
1.2068966,1.8,2,0.2,8,16,0.8,1.0,21.993635
1.3793103,1.8,2,0.2,8,16,0.8,1.0,12.94644
1.5517241,1.8,2,0.2,8,16,0.8,1.0,7.4684339
1.7241379,1.8,2,0.2,8,16,0.8,1.0,7.3895964
1.8965517,1.8,2,0.2,8,16,0.8,1.0,4.640018
2.0689655,1.8,2,0.2,8,16,0.8,1.0,3.3117061
2.2413793,1.8,2,0.2,8,16,0.8,1.0,20.795607
2.4137931,1.8,2,0.2,8,16,0.8,1.0,3.7875644
2.5862069,1.8,2,0.2,8,16,0.8,1.0,2.0415449
2.7586207,1.8,2,0.2,8,16,0.8,1.0,2.5061298
2.9310345,1.8,2,0.2,8,16,0.8,1.0,2.6140681
3.1034483,1.8,2,0.2,8,16,0.8,1.0,2.03293
3.2758621,1.8,2,0.2,8,16,0.8,1.0,2.02756
3.4482759,1.8,2,0.2,8,16,0.8,1.0,2.4524676
3.6206897,1.8,2,0.2,8,16,0.8,1.0,3.2669508
3.7931034,1.8,2,0.2,8,16,0.8,1.0,4.1368042
3.9655172,1.8,2,0.2,8,16,0.8,1.0,4.6305574
4.137931,1.8,2,0.2,8,16,0.8,1.0,7.2543392
4.3103448,1.8,2,0.2,8,16,0.8,1.0,5.3835105
4.4827586,1.8,2,0.2,8,16,0.8,1.0,10.405796
4.6551724,1.8,2,0.2,8,16,0.8,1.0,8.0259414
4.8275862,1.8,2,0.2,8,16,0.8,1.0,14.865051
5,1.8,2,0.2,8,16,0.8,1.0,20.766069
0.17241379,1.8,2,0.2,8,12,0.8,1.0,40
0.34482759,1.8,2,0.2,8,12,0.8,1.0,40
0.51724138,1.8,2,0.2,8,12,0.8,1.0,40
0.68965517,1.8,2,0.2,8,12,0.8,1.0,40
0.86206897,1.8,2,0.2,8,12,0.8,1.0,37.261322
1.0344828,1.8,2,0.2,8,12,0.8,1.0,28.719328
1.2068966,1.8,2,0.2,8,12,0.8,1.0,18.941263
1.3793103,1.8,2,0.2,8,12,0.8,1.0,23.937627
1.5517241,1.8,2,0.2,8,12,0.8,1.0,7.9818863
1.7241379,1.8,2,0.2,8,12,0.8,1.0,7.8248919
1.8965517,1.8,2,0.2,8,12,0.8,1.0,5.0983064
2.0689655,1.8,2,0.2,8,12,0.8,1.0,1.8434018
2.2413793,1.8,2,0.2,8,12,0.8,1.0,17.831433
2.4137931,1.8,2,0.2,8,12,0.8,1.0,7.5376856
2.5862069,1.8,2,0.2,8,12,0.8,1.0,2.6854644
2.7586207,1.8,2,0.2,8,12,0.8,1.0,1.3453921
2.9310345,1.8,2,0.2,8,12,0.8,1.0,0.97416088
3.1034483,1.8,2,0.2,8,12,0.8,1.0,0.90441024
3.2758621,1.8,2,0.2,8,12,0.8,1.0,0.7167981
3.4482759,1.8,2,0.2,8,12,0.8,1.0,0.69244634
3.6206897,1.8,2,0.2,8,12,0.8,1.0,1.6820434
3.7931034,1.8,2,0.2,8,12,0.8,1.0,3.0071141
3.9655172,1.8,2,0.2,8,12,0.8,1.0,4.0574103
4.137931,1.8,2,0.2,8,12,0.8,1.0,4.6193902
4.3103448,1.8,2,0.2,8,12,0.8,1.0,8.6474617
4.4827586,1.8,2,0.2,8,12,0.8,1.0,6.1182863
4.6551724,1.8,2,0.2,8,12,0.8,1.0,10.653806
4.8275862,1.8,2,0.2,8,12,0.8,1.0,7.9664049
5,1.8,2,0.2,8,12,0.8,1.0,14.725923
0.17241379,1.8,2,0.2,8,12,1.0,1.0,40
0.34482759,1.8,2,0.2,8,12,1.0,1.0,40
0.51724138,1.8,2,0.2,8,12,1.0,1.0,40
0.68965517,1.8,2,0.2,8,12,1.0,1.0,40
0.86206897,1.8,2,0.2,8,12,1.0,1.0,39.740681
1.0344828,1.8,2,0.2,8,12,1.0,1.0,32.04009
1.2068966,1.8,2,0.2,8,12,1.0,1.0,23.84656
1.3793103,1.8,2,0.2,8,12,1.0,1.0,14.112725
1.5517241,1.8,2,0.2,8,12,1.0,1.0,23.275414
1.7241379,1.8,2,0.2,8,12,1.0,1.0,4.6889106
1.8965517,1.8,2,0.2,8,12,1.0,1.0,3.8819731
2.0689655,1.8,2,0.2,8,12,1.0,1.0,0.72997602
2.2413793,1.8,2,0.2,8,12,1.0,1.0,7.3846072
2.4137931,1.8,2,0.2,8,12,1.0,1.0,21.94608
2.5862069,1.8,2,0.2,8,12,1.0,1.0,7.4865591
2.7586207,1.8,2,0.2,8,12,1.0,1.0,4.4091301
2.9310345,1.8,2,0.2,8,12,1.0,1.0,3.589837
3.1034483,1.8,2,0.2,8,12,1.0,1.0,3.6333456
3.2758621,1.8,2,0.2,8,12,1.0,1.0,3.3985344
3.4482759,1.8,2,0.2,8,12,1.0,1.0,2.693774
3.6206897,1.8,2,0.2,8,12,1.0,1.0,1.1978351
3.7931034,1.8,2,0.2,8,12,1.0,1.0,1.3018562
3.9655172,1.8,2,0.2,8,12,1.0,1.0,3.2225527
4.137931,1.8,2,0.2,8,12,1.0,1.0,4.7088034
4.3103448,1.8,2,0.2,8,12,1.0,1.0,5.2374222
4.4827586,1.8,2,0.2,8,12,1.0,1.0,8.2498296
4.6551724,1.8,2,0.2,8,12,1.0,1.0,14.070412
4.8275862,1.8,2,0.2,8,12,1.0,1.0,9.9304205
5,1.8,2,0.2,8,12,1.0,1.0,16.623721
0.17241379,1.8,2,0.2,8,12,1.2,1.0,40
0.34482759,1.8,2,0.2,8,12,1.2,1.0,40
0.51724138,1.8,2,0.2,8,12,1.2,1.0,40
0.68965517,1.8,2,0.2,8,12,1.2,1.0,40
0.86206897,1.8,2,0.2,8,12,1.2,1.0,40
1.0344828,1.8,2,0.2,8,12,1.2,1.0,33.321477
1.2068966,1.8,2,0.2,8,12,1.2,1.0,25.942279
1.3793103,1.8,2,0.2,8,12,1.2,1.0,17.693386
1.5517241,1.8,2,0.2,8,12,1.2,1.0,8.1291144
1.7241379,1.8,2,0.2,8,12,1.2,1.0,8.9590566
1.8965517,1.8,2,0.2,8,12,1.2,1.0,2.2066251
2.0689655,1.8,2,0.2,8,12,1.2,1.0,0.54760092
2.2413793,1.8,2,0.2,8,12,1.2,1.0,3.8644537
2.4137931,1.8,2,0.2,8,12,1.2,1.0,12.47561
2.5862069,1.8,2,0.2,8,12,1.2,1.0,22.119041
2.7586207,1.8,2,0.2,8,12,1.2,1.0,11.305055
2.9310345,1.8,2,0.2,8,12,1.2,1.0,9.0320439
3.1034483,1.8,2,0.2,8,12,1.2,1.0,8.855152
3.2758621,1.8,2,0.2,8,12,1.2,1.0,9.1627436
3.4482759,1.8,2,0.2,8,12,1.2,1.0,8.4240545
3.6206897,1.8,2,0.2,8,12,1.2,1.0,6.4480503
3.7931034,1.8,2,0.2,8,12,1.2,1.0,3.3507364
3.9655172,1.8,2,0.2,8,12,1.2,1.0,1.3276574
4.137931,1.8,2,0.2,8,12,1.2,1.0,4.0132865
4.3103448,1.8,2,0.2,8,12,1.2,1.0,6.6857651
4.4827586,1.8,2,0.2,8,12,1.2,1.0,8.7357561
4.6551724,1.8,2,0.2,8,12,1.2,1.0,9.9211222
4.8275862,1.8,2,0.2,8,12,1.2,1.0,10.237304
5,1.8,2,0.2,8,12,1.2,1.0,21.963188
0.17241379,1.8,2,0.2,8,12,4,1.0,40
0.34482759,1.8,2,0.2,8,12,4,1.0,40
0.51724138,1.8,2,0.2,8,12,4,1.0,40
0.68965517,1.8,2,0.2,8,12,4,1.0,40
0.86206897,1.8,2,0.2,8,12,4,1.0,32.150922
1.0344828,1.8,2,0.2,8,12,4,1.0,38.797275
1.2068966,1.8,2,0.2,8,12,4,1.0,18.31072
1.3793103,1.8,2,0.2,8,12,4,1.0,15.609976
1.5517241,1.8,2,0.2,8,12,4,1.0,9.5904196
1.7241379,1.8,2,0.2,8,12,4,1.0,9.7744522
1.8965517,1.8,2,0.2,8,12,4,1.0,11.671238
2.0689655,1.8,2,0.2,8,12,4,1.0,12.567466
2.2413793,1.8,2,0.2,8,12,4,1.0,11.512175
2.4137931,1.8,2,0.2,8,12,4,1.0,8.7830571
2.5862069,1.8,2,0.2,8,12,4,1.0,4.5811878
2.7586207,1.8,2,0.2,8,12,4,1.0,14.300979
2.9310345,1.8,2,0.2,8,12,4,1.0,22.276778
3.1034483,1.8,2,0.2,8,12,4,1.0,9.7849099
3.2758621,1.8,2,0.2,8,12,4,1.0,4.4423364
3.4482759,1.8,2,0.2,8,12,4,1.0,7.4299963
3.6206897,1.8,2,0.2,8,12,4,1.0,9.6316607
3.7931034,1.8,2,0.2,8,12,4,1.0,14.415747
3.9655172,1.8,2,0.2,8,12,4,1.0,18.858395
4.137931,1.8,2,0.2,8,12,4,1.0,21.096837
4.3103448,1.8,2,0.2,8,12,4,1.0,27.051184
4.4827586,1.8,2,0.2,8,12,4,1.0,28.840873
4.6551724,1.8,2,0.2,8,12,4,1.0,31.412259
4.8275862,1.8,2,0.2,8,12,4,1.0,32.854121
5,1.8,2,0.2,8,12,4,1.0,34.0803
0.17241379,1.8,2,0.2,8,12,6,1.0,40
0.34482759,1.8,2,0.2,8,12,6,1.0,40
0.51724138,1.8,2,0.2,8,12,6,1.0,40
0.68965517,1.8,2,0.2,8,12,6,1.0,40
0.86206897,1.8,2,0.2,8,12,6,1.0,36.65268
1.0344828,1.8,2,0.2,8,12,6,1.0,26.486443
1.2068966,1.8,2,0.2,8,12,6,1.0,20.107468
1.3793103,1.8,2,0.2,8,12,6,1.0,12.25104
1.5517241,1.8,2,0.2,8,12,6,1.0,11.496525
1.7241379,1.8,2,0.2,8,12,6,1.0,7.3757801
1.8965517,1.8,2,0.2,8,12,6,1.0,8.4941213
2.0689655,1.8,2,0.2,8,12,6,1.0,5.1029859
2.2413793,1.8,2,0.2,8,12,6,1.0,5.4305322
2.4137931,1.8,2,0.2,8,12,6,1.0,6.3442459
2.5862069,1.8,2,0.2,8,12,6,1.0,6.0074644
2.7586207,1.8,2,0.2,8,12,6,1.0,4.6072669
2.9310345,1.8,2,0.2,8,12,6,1.0,2.6015351
3.1034483,1.8,2,0.2,8,12,6,1.0,1.0892913
3.2758621,1.8,2,0.2,8,12,6,1.0,4.0126604
3.4482759,1.8,2,0.2,8,12,6,1.0,12.406612
3.6206897,1.8,2,0.2,8,12,6,1.0,10.770324
3.7931034,1.8,2,0.2,8,12,6,1.0,12.245164
3.9655172,1.8,2,0.2,8,12,6,1.0,4.688069
4.137931,1.8,2,0.2,8,12,6,1.0,7.3459538
4.3103448,1.8,2,0.2,8,12,6,1.0,12.15106
4.4827586,1.8,2,0.2,8,12,6,1.0,16.117176
4.6551724,1.8,2,0.2,8,12,6,1.0,22.042959
4.8275862,1.8,2,0.2,8,12,6,1.0,27.470944
5,1.8,2,0.2,8,12,6,1.0,28.6915
0.17241379,1.8,2,0.2,8,12,0.8,0.6,40
0.34482759,1.8,2,0.2,8,12,0.8,0.6,40
0.51724138,1.8,2,0.2,8,12,0.8,0.6,40
0.68965517,1.8,2,0.2,8,12,0.8,0.6,40
0.86206897,1.8,2,0.2,8,12,0.8,0.6,38.946598
1.0344828,1.8,2,0.2,8,12,0.8,0.6,30.731701
1.2068966,1.8,2,0.2,8,12,0.8,0.6,22.178388
1.3793103,1.8,2,0.2,8,12,0.8,0.6,26.924395
1.5517241,1.8,2,0.2,8,12,0.8,0.6,10.038798
1.7241379,1.8,2,0.2,8,12,0.8,0.6,8.0611769
1.8965517,1.8,2,0.2,8,12,0.8,0.6,4.7276092
2.0689655,1.8,2,0.2,8,12,0.8,0.6,5.5333747
2.2413793,1.8,2,0.2,8,12,0.8,0.6,16.278358
2.4137931,1.8,2,0.2,8,12,0.8,0.6,4.5839342
2.5862069,1.8,2,0.2,8,12,0.8,0.6,2.7852262
2.7586207,1.8,2,0.2,8,12,0.8,0.6,2.3275484
2.9310345,1.8,2,0.2,8,12,0.8,0.6,1.8116207
3.1034483,1.8,2,0.2,8,12,0.8,0.6,1.1374934
3.2758621,1.8,2,0.2,8,12,0.8,0.6,0.6665776
3.4482759,1.8,2,0.2,8,12,0.8,0.6,0.55697789
3.6206897,1.8,2,0.2,8,12,0.8,0.6,1.1364014
3.7931034,1.8,2,0.2,8,12,0.8,0.6,2.1331711
3.9655172,1.8,2,0.2,8,12,0.8,0.6,4.5238713
4.137931,1.8,2,0.2,8,12,0.8,0.6,9.1546548
4.3103448,1.8,2,0.2,8,12,0.8,0.6,7.4755798
4.4827586,1.8,2,0.2,8,12,0.8,0.6,29.899103
4.6551724,1.8,2,0.2,8,12,0.8,0.6,11.435771
4.8275862,1.8,2,0.2,8,12,0.8,0.6,15.62516
5,1.8,2,0.2,8,12,0.8,0.6,20.716822
0.17241379,1.8,2,0.2,8,12,0.8,0.8,40
0.34482759,1.8,2,0.2,8,12,0.8,0.8,40
0.51724138,1.8,2,0.2,8,12,0.8,0.8,40
0.68965517,1.8,2,0.2,8,12,0.8,0.8,40
0.86206897,1.8,2,0.2,8,12,0.8,0.8,38.806653
1.0344828,1.8,2,0.2,8,12,0.8,0.8,30.401672
1.2068966,1.8,2,0.2,8,12,0.8,0.8,21.121001
1.3793103,1.8,2,0.2,8,12,0.8,0.8,20.197976
1.5517241,1.8,2,0.2,8,12,0.8,0.8,8.6547846
1.7241379,1.8,2,0.2,8,12,0.8,0.8,7.6648622
1.8965517,1.8,2,0.2,8,12,0.8,0.8,4.3546756
2.0689655,1.8,2,0.2,8,12,0.8,0.8,5.0830579
2.2413793,1.8,2,0.2,8,12,0.8,0.8,14.829784
2.4137931,1.8,2,0.2,8,12,0.8,0.8,3.6709172
2.5862069,1.8,2,0.2,8,12,0.8,0.8,2.1048508
2.7586207,1.8,2,0.2,8,12,0.8,0.8,1.9232418
2.9310345,1.8,2,0.2,8,12,0.8,0.8,1.5717054
3.1034483,1.8,2,0.2,8,12,0.8,0.8,0.89895796
3.2758621,1.8,2,0.2,8,12,0.8,0.8,0.49074549
3.4482759,1.8,2,0.2,8,12,0.8,0.8,0.40327054
3.6206897,1.8,2,0.2,8,12,0.8,0.8,0.94877598
3.7931034,1.8,2,0.2,8,12,0.8,0.8,1.7216749
3.9655172,1.8,2,0.2,8,12,0.8,0.8,3.9919837
4.137931,1.8,2,0.2,8,12,0.8,0.8,10.145085
4.3103448,1.8,2,0.2,8,12,0.8,0.8,6.122374
4.4827586,1.8,2,0.2,8,12,0.8,0.8,37.087889
4.6551724,1.8,2,0.2,8,12,0.8,0.8,9.6618941
4.8275862,1.8,2,0.2,8,12,0.8,0.8,14.979893
5,1.8,2,0.2,8,12,0.8,0.8,20.374337
0.17241379,1.8,2,0.2,8,12,0.8,1.0,40
0.34482759,1.8,2,0.2,8,12,0.8,1.0,40
0.51724138,1.8,2,0.2,8,12,0.8,1.0,40
0.68965517,1.8,2,0.2,8,12,0.8,1.0,40
0.86206897,1.8,2,0.2,8,12,0.8,1.0,37.261322
1.0344828,1.8,2,0.2,8,12,0.8,1.0,28.719328
1.2068966,1.8,2,0.2,8,12,0.8,1.0,18.941263
1.3793103,1.8,2,0.2,8,12,0.8,1.0,23.937627
1.5517241,1.8,2,0.2,8,12,0.8,1.0,7.9818863
1.7241379,1.8,2,0.2,8,12,0.8,1.0,7.8248919
1.8965517,1.8,2,0.2,8,12,0.8,1.0,5.0983064
2.0689655,1.8,2,0.2,8,12,0.8,1.0,1.8434018
2.2413793,1.8,2,0.2,8,12,0.8,1.0,17.831433
2.4137931,1.8,2,0.2,8,12,0.8,1.0,7.5376856
2.5862069,1.8,2,0.2,8,12,0.8,1.0,2.6854644
2.7586207,1.8,2,0.2,8,12,0.8,1.0,1.3453921
2.9310345,1.8,2,0.2,8,12,0.8,1.0,0.97416088
3.1034483,1.8,2,0.2,8,12,0.8,1.0,0.90441024
3.2758621,1.8,2,0.2,8,12,0.8,1.0,0.7167981
3.4482759,1.8,2,0.2,8,12,0.8,1.0,0.69244634
3.6206897,1.8,2,0.2,8,12,0.8,1.0,1.6820434
3.7931034,1.8,2,0.2,8,12,0.8,1.0,3.0071141
3.9655172,1.8,2,0.2,8,12,0.8,1.0,4.0574103
4.137931,1.8,2,0.2,8,12,0.8,1.0,4.6193902
4.3103448,1.8,2,0.2,8,12,0.8,1.0,8.6474617
4.4827586,1.8,2,0.2,8,12,0.8,1.0,6.1182863
4.6551724,1.8,2,0.2,8,12,0.8,1.0,10.653806
4.8275862,1.8,2,0.2,8,12,0.8,1.0,7.9664049
5,1.8,2,0.2,8,12,0.8,1.0,14.725923
0.17241379,1.8,2,0.2,8,12,0.8,1.2,40
0.34482759,1.8,2,0.2,8,12,0.8,1.2,40
0.51724138,1.8,2,0.2,8,12,0.8,1.2,40
0.68965517,1.8,2,0.2,8,12,0.8,1.2,40
0.86206897,1.8,2,0.2,8,12,0.8,1.2,38.704414
1.0344828,1.8,2,0.2,8,12,0.8,1.2,30.158615
1.2068966,1.8,2,0.2,8,12,0.8,1.2,20.310901
1.3793103,1.8,2,0.2,8,12,0.8,1.2,13.86517
1.5517241,1.8,2,0.2,8,12,0.8,1.2,7.3373713
1.7241379,1.8,2,0.2,8,12,0.8,1.2,7.3611496
1.8965517,1.8,2,0.2,8,12,0.8,1.2,4.0695025
2.0689655,1.8,2,0.2,8,12,0.8,1.2,4.7272514
2.2413793,1.8,2,0.2,8,12,0.8,1.2,13.808392
2.4137931,1.8,2,0.2,8,12,0.8,1.2,2.863721
2.5862069,1.8,2,0.2,8,12,0.8,1.2,1.4520616
2.7586207,1.8,2,0.2,8,12,0.8,1.2,1.5852939
2.9310345,1.8,2,0.2,8,12,0.8,1.2,1.42661
3.1034483,1.8,2,0.2,8,12,0.8,1.2,0.68664079
3.2758621,1.8,2,0.2,8,12,0.8,1.2,0.31809028
3.4482759,1.8,2,0.2,8,12,0.8,1.2,0.29729708
3.6206897,1.8,2,0.2,8,12,0.8,1.2,0.80533702
3.7931034,1.8,2,0.2,8,12,0.8,1.2,1.3239424
3.9655172,1.8,2,0.2,8,12,0.8,1.2,3.4479056
4.137931,1.8,2,0.2,8,12,0.8,1.2,12.623554
4.3103448,1.8,2,0.2,8,12,0.8,1.2,4.9344658
4.4827586,1.8,2,0.2,8,12,0.8,1.2,24.92555
4.6551724,1.8,2,0.2,8,12,0.8,1.2,7.8586966
4.8275862,1.8,2,0.2,8,12,0.8,1.2,14.453833
5,1.8,2,0.2,8,12,0.8,1.2,20.114795
0.17241379,1.8,2,0.2,8,12,0.8,1.4,40
0.34482759,1.8,2,0.2,8,12,0.8,1.4,40
0.51724138,1.8,2,0.2,8,12,0.8,1.4,40
0.68965517,1.8,2,0.2,8,12,0.8,1.4,40
0.86206897,1.8,2,0.2,8,12,0.8,1.4,38.681876
1.0344828,1.8,2,0.2,8,12,0.8,1.4,30.106223
1.2068966,1.8,2,0.2,8,12,0.8,1.4,20.131551
1.3793103,1.8,2,0.2,8,12,0.8,1.4,12.02885
1.5517241,1.8,2,0.2,8,12,0.8,1.4,7.0025382
1.7241379,1.8,2,0.2,8,12,0.8,1.4,7.2942461
1.8965517,1.8,2,0.2,8,12,0.8,1.4,4.0071003
2.0689655,1.8,2,0.2,8,12,0.8,1.4,4.6471042
2.2413793,1.8,2,0.2,8,12,0.8,1.4,13.590923
2.4137931,1.8,2,0.2,8,12,0.8,1.4,2.6655699
2.5862069,1.8,2,0.2,8,12,0.8,1.4,1.2779776
2.7586207,1.8,2,0.2,8,12,0.8,1.4,1.5068195
2.9310345,1.8,2,0.2,8,12,0.8,1.4,1.4080156
3.1034483,1.8,2,0.2,8,12,0.8,1.4,0.6320745
3.2758621,1.8,2,0.2,8,12,0.8,1.4,0.27459007
3.4482759,1.8,2,0.2,8,12,0.8,1.4,0.27325807
3.6206897,1.8,2,0.2,8,12,0.8,1.4,0.77184595
3.7931034,1.8,2,0.2,8,12,0.8,1.4,1.2177319
3.9655172,1.8,2,0.2,8,12,0.8,1.4,3.302583
4.137931,1.8,2,0.2,8,12,0.8,1.4,13.905152
4.3103448,1.8,2,0.2,8,12,0.8,1.4,4.6836069
4.4827586,1.8,2,0.2,8,12,0.8,1.4,20.148912
4.6551724,1.8,2,0.2,8,12,0.8,1.4,7.3600258
4.8275862,1.8,2,0.2,8,12,0.8,1.4,14.323529
5,1.8,2,0.2,8,12,0.8,1.4,20.052943
